iteration,dataset,algorithm,support,time,memory
1,Retail,My Eclat,0.1,0.33016180992126465,52.69921875
1,Retail,My Eclat,0.2,0.30255985260009766,55.37890625
1,Retail,My Eclat,0.3,0.2997410297393799,53.140625
1,Retail,My Eclat,0.4,0.30098390579223633,51.328125
1,Retail,My Eclat,0.5,0.2971804141998291,50.25
1,Retail,My Eclat,0.6,0.2936208248138428,49.35546875
1,Retail,My Eclat,0.7,0.2931637763977051,47.1171875
1,Retail,My Eclat,0.8,0.29024839401245117,41.33203125
1,Retail,My Eclat,0.9,0.4311344623565674,41.203125
1,Retail,My Postdiffset,0.1,0.2957582473754883,41.07421875
1,Retail,My Postdiffset,0.2,0.29404449462890625,42.234375
1,Retail,My Postdiffset,0.3,0.30174803733825684,40.66015625
1,Retail,My Postdiffset,0.4,0.2905392646789551,41.5
1,Retail,My Postdiffset,0.5,0.2959127426147461,41.37109375
1,Retail,My Postdiffset,0.6,0.29027462005615234,39.25390625
1,Retail,My Postdiffset,0.7,0.2956724166870117,41.3046875
1,Retail,My Postdiffset,0.8,0.2890768051147461,42.19140625
1,Retail,My Postdiffset,0.9,0.28965330123901367,40.93359375
1,Retail,My Adv. Eclat,0.1,0.2662479877471924,169.00390625
1,Retail,My Adv. Eclat,0.2,0.2663424015045166,170.03125
1,Retail,My Adv. Eclat,0.3,0.2622551918029785,170.33984375
1,Retail,My Adv. Eclat,0.4,0.2662210464477539,170.09765625
1,Retail,My Adv. Eclat,0.5,0.26572132110595703,169.83203125
1,Retail,My Adv. Eclat,0.6,0.26960253715515137,170.90234375
1,Retail,My Adv. Eclat,0.7,0.26842236518859863,170.89453125
1,Retail,My Adv. Eclat,0.8,0.268707275390625,170.34765625
1,Retail,My Adv. Eclat,0.9,0.2641723155975342,168.8671875
1,Retail,FIM Apriori,0.1,0.08051776885986328,0.01953125
1,Retail,FIM Apriori,0.2,0.0776677131652832,0.0390625
1,Retail,FIM Apriori,0.3,0.07710051536560059,0.0234375
1,Retail,FIM Apriori,0.4,0.07718062400817871,0.03515625
1,Retail,FIM Apriori,0.5,0.07643866539001465,3.7109375
1,Retail,FIM Apriori,0.6,0.07415890693664551,0.0234375
1,Retail,FIM Apriori,0.7,0.07376837730407715,0.0234375
1,Retail,FIM Apriori,0.8,0.0746910572052002,0.0234375
1,Retail,FIM Apriori,0.9,0.07538199424743652,0.0234375
1,Retail,FIM Eclat,0.1,0.08069634437561035,0.12890625
1,Retail,FIM Eclat,0.2,0.07950043678283691,0.0234375
1,Retail,FIM Eclat,0.3,0.0768744945526123,3.70703125
1,Retail,FIM Eclat,0.4,0.07699084281921387,0.0234375
1,Retail,FIM Eclat,0.5,0.07512831687927246,0.01953125
1,Retail,FIM Eclat,0.6,0.09497213363647461,0.0234375
1,Retail,FIM Eclat,0.7,0.07426023483276367,3.2578125
1,Retail,FIM Eclat,0.8,0.07365131378173828,9.56640625
1,Retail,FIM Eclat,0.9,0.07216572761535645,0.2265625
1,Kosarak,My Eclat,0.1,2.845754384994507,442.43359375
1,Kosarak,My Eclat,0.2,2.8039157390594482,408.8984375
1,Kosarak,My Eclat,0.3,2.7668039798736572,410.1875
1,Kosarak,My Eclat,0.4,2.7384862899780273,393.46484375
1,Kosarak,My Eclat,0.5,2.7487592697143555,388.65234375
1,Kosarak,My Eclat,0.6,2.7011377811431885,304.21875
1,Kosarak,My Eclat,0.7,2.7088253498077393,391.5234375
1,Kosarak,My Eclat,0.8,2.6732003688812256,295.4296875
1,Kosarak,My Eclat,0.9,2.6998491287231445,291.48828125
1,Kosarak,My Postdiffset,0.1,2.886442184448242,302.45703125
1,Kosarak,My Postdiffset,0.2,2.752990245819092,407.55859375
1,Kosarak,My Postdiffset,0.3,2.754336357116699,297.9140625
1,Kosarak,My Postdiffset,0.4,2.6965088844299316,284.20703125
1,Kosarak,My Postdiffset,0.5,2.7013309001922607,264.63671875
1,Kosarak,My Postdiffset,0.6,2.6878294944763184,258.515625
1,Kosarak,My Postdiffset,0.7,2.7185754776000977,253.5078125
1,Kosarak,My Postdiffset,0.8,2.7175045013427734,243.2109375
1,Kosarak,My Postdiffset,0.9,2.6948585510253906,377.51953125
1,Kosarak,My Adv. Eclat,0.1,5.875994920730591,4735.96875
1,Kosarak,My Adv. Eclat,0.2,5.30962347984314,4871.7890625
1,Kosarak,My Adv. Eclat,0.3,5.356197357177734,4870.1484375
1,Kosarak,My Adv. Eclat,0.4,5.4611899852752686,4871.953125
1,Kosarak,My Adv. Eclat,0.5,5.503397703170776,4872.0234375
1,Kosarak,My Adv. Eclat,0.6,5.769615888595581,4871.64453125
1,Kosarak,My Adv. Eclat,0.7,5.630481481552124,4871.76953125
1,Kosarak,My Adv. Eclat,0.8,5.721829175949097,4871.53125
1,Kosarak,My Adv. Eclat,0.9,5.679748773574829,4871.6015625
1,Kosarak,FIM Apriori,0.1,0.9527618885040283,62.8828125
1,Kosarak,FIM Apriori,0.2,0.9099273681640625,0.5078125
1,Kosarak,FIM Apriori,0.3,0.899193525314331,0.13671875
1,Kosarak,FIM Apriori,0.4,0.7986273765563965,0.0625
1,Kosarak,FIM Apriori,0.5,0.7617626190185547,0.19140625
1,Kosarak,FIM Apriori,0.6,0.745894193649292,0.03515625
1,Kosarak,FIM Apriori,0.7,0.6561908721923828,0.0546875
1,Kosarak,FIM Apriori,0.8,0.6584470272064209,0.71484375
1,Kosarak,FIM Apriori,0.9,0.6818251609802246,0.3359375
1,Kosarak,FIM Eclat,0.1,0.9429185390472412,0.03515625
1,Kosarak,FIM Eclat,0.2,0.920053243637085,0.0546875
1,Kosarak,FIM Eclat,0.3,0.8521952629089355,0.0390625
1,Kosarak,FIM Eclat,0.4,0.8313262462615967,0.0234375
1,Kosarak,FIM Eclat,0.5,0.7627520561218262,0.03515625
1,Kosarak,FIM Eclat,0.6,0.7524638175964355,0.0234375
1,Kosarak,FIM Eclat,0.7,0.659700870513916,0.0546875
1,Kosarak,FIM Eclat,0.8,0.663959264755249,0.01953125
1,Kosarak,FIM Eclat,0.9,0.6586229801177979,0.0234375
1,Chess,My Eclat,0.7,3.2835147380828857,46.1015625
1,Chess,My Eclat,0.8,0.5951592922210693,16.33203125
1,Chess,My Eclat,0.9,0.06815361976623535,11.01171875
1,Chess,My Postdiffset,0.7,0.8292090892791748,316.3671875
1,Chess,My Postdiffset,0.8,0.08352971076965332,9.6796875
1,Chess,My Postdiffset,0.9,0.02867889404296875,0.03515625
1,Chess,My Adv. Eclat,0.7,0.09889960289001465,29.0546875
1,Chess,My Adv. Eclat,0.8,0.03429818153381348,0.03125
1,Chess,My Adv. Eclat,0.9,0.011057138442993164,0.0234375
1,Chess,FIM Apriori,0.7,0.07631254196166992,8.20703125
1,Chess,FIM Apriori,0.8,0.023225069046020508,0.03125
1,Chess,FIM Apriori,0.9,0.004143953323364258,0.0234375
1,Chess,FIM Eclat,0.7,0.02993297576904297,6.96875
1,Chess,FIM Eclat,0.8,0.018803834915161133,0.03125
1,Chess,FIM Eclat,0.9,0.003919363021850586,0.0234375
1,Mushrooms,My Eclat,0.7,0.03594207763671875,2.65234375
1,Mushrooms,My Eclat,0.8,0.03289318084716797,0.0234375
1,Mushrooms,My Eclat,0.9,0.03212547302246094,0.0234375
1,Mushrooms,My Postdiffset,0.7,0.03297281265258789,0.0234375
1,Mushrooms,My Postdiffset,0.8,0.03198671340942383,0.0234375
1,Mushrooms,My Postdiffset,0.9,0.0314936637878418,0.0234375
1,Mushrooms,My Adv. Eclat,0.7,0.01851367950439453,0.0234375
1,Mushrooms,My Adv. Eclat,0.8,0.01834249496459961,0.0234375
1,Mushrooms,My Adv. Eclat,0.9,0.018051624298095703,0.0234375
1,Mushrooms,FIM Apriori,0.7,0.006753206253051758,0.0234375
1,Mushrooms,FIM Apriori,0.8,0.006613492965698242,0.0234375
1,Mushrooms,FIM Apriori,0.9,0.006567239761352539,0.01953125
1,Mushrooms,FIM Eclat,0.7,0.006902217864990234,0.0234375
1,Mushrooms,FIM Eclat,0.8,0.008189916610717773,0.0234375
1,Mushrooms,FIM Eclat,0.9,0.006800174713134766,0.0234375
2,Retail,My Eclat,0.1,0.29154467582702637,24.51171875
2,Retail,My Eclat,0.2,0.284975528717041,9.53515625
2,Retail,My Eclat,0.3,0.2859063148498535,9.03125
2,Retail,My Eclat,0.4,0.2895500659942627,9.01953125
2,Retail,My Eclat,0.5,0.2832629680633545,8.9140625
2,Retail,My Eclat,0.6,0.28215932846069336,8.8359375
2,Retail,My Eclat,0.7,0.28326845169067383,9.0078125
2,Retail,My Eclat,0.8,0.28130340576171875,8.86328125
2,Retail,My Eclat,0.9,0.29659366607666016,9.015625
2,Retail,My Postdiffset,0.1,0.2914590835571289,9.03515625
2,Retail,My Postdiffset,0.2,0.2891387939453125,9.01171875
2,Retail,My Postdiffset,0.3,0.3035261631011963,11.03515625
2,Retail,My Postdiffset,0.4,0.28835511207580566,9.03125
2,Retail,My Postdiffset,0.5,0.2845742702484131,8.859375
2,Retail,My Postdiffset,0.6,0.28615641593933105,8.88671875
2,Retail,My Postdiffset,0.7,0.2837636470794678,8.8125
2,Retail,My Postdiffset,0.8,0.28887295722961426,8.859375
2,Retail,My Postdiffset,0.9,0.28354835510253906,9.00390625
2,Retail,My Adv. Eclat,0.1,0.27042722702026367,150.1875
2,Retail,My Adv. Eclat,0.2,0.23149323463439941,0.31640625
2,Retail,My Adv. Eclat,0.3,0.23401856422424316,0.69921875
2,Retail,My Adv. Eclat,0.4,0.23249197006225586,0.07421875
2,Retail,My Adv. Eclat,0.5,0.2327251434326172,0.07421875
2,Retail,My Adv. Eclat,0.6,0.23188352584838867,0.07421875
2,Retail,My Adv. Eclat,0.7,0.23369359970092773,0.07421875
2,Retail,My Adv. Eclat,0.8,0.23130297660827637,0.07421875
2,Retail,My Adv. Eclat,0.9,0.2374725341796875,0.07421875
2,Retail,FIM Apriori,0.1,0.07719779014587402,1.4296875
2,Retail,FIM Apriori,0.2,0.07566285133361816,0.02734375
2,Retail,FIM Apriori,0.3,0.07563924789428711,0.0234375
2,Retail,FIM Apriori,0.4,0.07528543472290039,0.02734375
2,Retail,FIM Apriori,0.5,0.0737905502319336,0.0234375
2,Retail,FIM Apriori,0.6,0.0729217529296875,0.0234375
2,Retail,FIM Apriori,0.7,0.07192564010620117,0.046875
2,Retail,FIM Apriori,0.8,0.07194972038269043,0.0546875
2,Retail,FIM Apriori,0.9,0.07170557975769043,0.0234375
2,Retail,FIM Eclat,0.1,0.0773162841796875,0.0234375
2,Retail,FIM Eclat,0.2,0.07421588897705078,0.02734375
2,Retail,FIM Eclat,0.3,0.07468867301940918,0.0234375
2,Retail,FIM Eclat,0.4,0.07624578475952148,0.0234375
2,Retail,FIM Eclat,0.5,0.07732605934143066,0.02734375
2,Retail,FIM Eclat,0.6,0.07230257987976074,0.0234375
2,Retail,FIM Eclat,0.7,0.0722506046295166,0.0234375
2,Retail,FIM Eclat,0.8,0.07282757759094238,0.02734375
2,Retail,FIM Eclat,0.9,0.07167339324951172,0.0234375
2,Kosarak,My Eclat,0.1,2.890148162841797,431.0859375
2,Kosarak,My Eclat,0.2,2.8495051860809326,406.5078125
2,Kosarak,My Eclat,0.3,2.785792589187622,163.76953125
2,Kosarak,My Eclat,0.4,2.7074999809265137,155.515625
2,Kosarak,My Eclat,0.5,2.692579507827759,147.32421875
2,Kosarak,My Eclat,0.6,2.6874473094940186,147.32421875
2,Kosarak,My Eclat,0.7,2.715528964996338,147.3828125
2,Kosarak,My Eclat,0.8,2.684317111968994,147.25390625
2,Kosarak,My Eclat,0.9,2.7861335277557373,373.84375
2,Kosarak,My Postdiffset,0.1,2.7864575386047363,164.15625
2,Kosarak,My Postdiffset,0.2,2.7486660480499268,163.515625
2,Kosarak,My Postdiffset,0.3,2.75424861907959,163.390625
2,Kosarak,My Postdiffset,0.4,2.7379441261291504,155.38671875
2,Kosarak,My Postdiffset,0.5,2.6933188438415527,147.3828125
2,Kosarak,My Postdiffset,0.6,2.7135791778564453,147.3203125
2,Kosarak,My Postdiffset,0.7,2.7194502353668213,147.23046875
2,Kosarak,My Postdiffset,0.8,2.6917226314544678,147.3828125
2,Kosarak,My Postdiffset,0.9,2.7038064002990723,147.3203125
2,Kosarak,My Adv. Eclat,0.1,5.41325831413269,4650.328125
2,Kosarak,My Adv. Eclat,0.2,5.458009719848633,4871.83984375
2,Kosarak,My Adv. Eclat,0.3,5.527865409851074,4871.78515625
2,Kosarak,My Adv. Eclat,0.4,5.543619394302368,4872.16796875
2,Kosarak,My Adv. Eclat,0.5,5.608503580093384,4871.41796875
2,Kosarak,My Adv. Eclat,0.6,5.530744314193726,4872.08984375
2,Kosarak,My Adv. Eclat,0.7,5.578606367111206,4871.96875
2,Kosarak,My Adv. Eclat,0.8,5.531981945037842,4871.9765625
2,Kosarak,My Adv. Eclat,0.9,5.560147523880005,4871.30859375
2,Kosarak,FIM Apriori,0.1,0.9202544689178467,60.26171875
2,Kosarak,FIM Apriori,0.2,0.8954052925109863,1.578125
2,Kosarak,FIM Apriori,0.3,0.9006054401397705,0.4609375
2,Kosarak,FIM Apriori,0.4,0.8354613780975342,0.35546875
2,Kosarak,FIM Apriori,0.5,0.7560436725616455,0.0234375
2,Kosarak,FIM Apriori,0.6,0.8091745376586914,0.078125
2,Kosarak,FIM Apriori,0.7,0.6675732135772705,0.0234375
2,Kosarak,FIM Apriori,0.8,0.660076379776001,0.51953125
2,Kosarak,FIM Apriori,0.9,0.6870484352111816,0.4453125
2,Kosarak,FIM Eclat,0.1,0.9180545806884766,0.2109375
2,Kosarak,FIM Eclat,0.2,0.893913745880127,0.07421875
2,Kosarak,FIM Eclat,0.3,0.8890092372894287,0.09375
2,Kosarak,FIM Eclat,0.4,0.8037633895874023,0.02734375
2,Kosarak,FIM Eclat,0.5,0.7700073719024658,58.68359375
2,Kosarak,FIM Eclat,0.6,0.7711899280548096,0.7265625
2,Kosarak,FIM Eclat,0.7,0.6594386100769043,0.30859375
2,Kosarak,FIM Eclat,0.8,0.6621298789978027,0.6015625
2,Kosarak,FIM Eclat,0.9,0.6638634204864502,0.59375
2,Chess,My Eclat,0.7,3.405888319015503,46.890625
2,Chess,My Eclat,0.8,0.6077394485473633,12.51953125
2,Chess,My Eclat,0.9,0.06818222999572754,10.23828125
2,Chess,My Postdiffset,0.7,0.8371939659118652,313.0625
2,Chess,My Postdiffset,0.8,0.08338284492492676,7.390625
2,Chess,My Postdiffset,0.9,0.028901100158691406,0.0234375
2,Chess,My Adv. Eclat,0.7,0.10065126419067383,30.0859375
2,Chess,My Adv. Eclat,0.8,0.03347277641296387,0.03125
2,Chess,My Adv. Eclat,0.9,0.011235237121582031,0.0234375
2,Chess,FIM Apriori,0.7,0.07699441909790039,6.41796875
2,Chess,FIM Apriori,0.8,0.023546934127807617,0.04296875
2,Chess,FIM Apriori,0.9,0.0044078826904296875,0.0234375
2,Chess,FIM Eclat,0.7,0.029326677322387695,4.9921875
2,Chess,FIM Eclat,0.8,0.01725172996520996,0.0234375
2,Chess,FIM Eclat,0.9,0.003921031951904297,0.0234375
2,Mushrooms,My Eclat,0.7,0.03553199768066406,2.9921875
2,Mushrooms,My Eclat,0.8,0.03255295753479004,0.0234375
2,Mushrooms,My Eclat,0.9,0.032567739486694336,0.0234375
2,Mushrooms,My Postdiffset,0.7,0.03300929069519043,0.0234375
2,Mushrooms,My Postdiffset,0.8,0.03212094306945801,0.0234375
2,Mushrooms,My Postdiffset,0.9,0.03162121772766113,0.0234375
2,Mushrooms,My Adv. Eclat,0.7,0.01829695701599121,0.0234375
2,Mushrooms,My Adv. Eclat,0.8,0.018538475036621094,0.0234375
2,Mushrooms,My Adv. Eclat,0.9,0.01961517333984375,0.0234375
2,Mushrooms,FIM Apriori,0.7,0.006777763366699219,0.0234375
2,Mushrooms,FIM Apriori,0.8,0.0067596435546875,0.0234375
2,Mushrooms,FIM Apriori,0.9,0.006943464279174805,0.0234375
2,Mushrooms,FIM Eclat,0.7,0.00692296028137207,0.0234375
2,Mushrooms,FIM Eclat,0.8,0.00696253776550293,0.0234375
2,Mushrooms,FIM Eclat,0.9,0.0068738460540771484,0.0234375
3,Retail,My Eclat,0.1,0.294558048248291,24.2265625
3,Retail,My Eclat,0.2,0.2899143695831299,8.859375
3,Retail,My Eclat,0.3,0.2911193370819092,11.03515625
3,Retail,My Eclat,0.4,0.28505539894104004,8.84765625
3,Retail,My Eclat,0.5,0.28496408462524414,7.9453125
3,Retail,My Eclat,0.6,0.2845618724822998,9.00390625
3,Retail,My Eclat,0.7,0.29140329360961914,8.953125
3,Retail,My Eclat,0.8,0.28461241722106934,8.8046875
3,Retail,My Eclat,0.9,0.2863645553588867,8.9375
3,Retail,My Postdiffset,0.1,0.30869150161743164,9.046875
3,Retail,My Postdiffset,0.2,0.28777313232421875,11.03515625
3,Retail,My Postdiffset,0.3,0.28682470321655273,8.89453125
3,Retail,My Postdiffset,0.4,0.290327787399292,8.85546875
3,Retail,My Postdiffset,0.5,0.28572702407836914,8.94140625
3,Retail,My Postdiffset,0.6,0.2858426570892334,9.02734375
3,Retail,My Postdiffset,0.7,0.28420305252075195,9.00390625
3,Retail,My Postdiffset,0.8,0.2833738327026367,8.8203125
3,Retail,My Postdiffset,0.9,0.28824925422668457,8.86328125
3,Retail,My Adv. Eclat,0.1,0.27382850646972656,150.71875
3,Retail,My Adv. Eclat,0.2,0.23427367210388184,0.43359375
3,Retail,My Adv. Eclat,0.3,0.236891508102417,0.23828125
3,Retail,My Adv. Eclat,0.4,0.23485231399536133,0.6953125
3,Retail,My Adv. Eclat,0.5,0.2384490966796875,0.09765625
3,Retail,My Adv. Eclat,0.6,0.2353832721710205,0.08203125
3,Retail,My Adv. Eclat,0.7,0.23842453956604004,0.07421875
3,Retail,My Adv. Eclat,0.8,0.236253023147583,0.09765625
3,Retail,My Adv. Eclat,0.9,0.2332906723022461,0.08203125
3,Retail,FIM Apriori,0.1,0.07697629928588867,1.765625
3,Retail,FIM Apriori,0.2,0.07869100570678711,0.2578125
3,Retail,FIM Apriori,0.3,0.07641482353210449,0.0234375
3,Retail,FIM Apriori,0.4,0.07559800148010254,0.0234375
3,Retail,FIM Apriori,0.5,0.07509851455688477,0.03125
3,Retail,FIM Apriori,0.6,0.07315659523010254,0.0234375
3,Retail,FIM Apriori,0.7,0.07353782653808594,0.05859375
3,Retail,FIM Apriori,0.8,0.07282853126525879,0.0234375
3,Retail,FIM Apriori,0.9,0.07238245010375977,0.0234375
3,Retail,FIM Eclat,0.1,0.0767979621887207,0.0234375
3,Retail,FIM Eclat,0.2,0.07621192932128906,0.03125
3,Retail,FIM Eclat,0.3,0.07476925849914551,0.02734375
3,Retail,FIM Eclat,0.4,0.07543230056762695,0.0234375
3,Retail,FIM Eclat,0.5,0.07422327995300293,0.0234375
3,Retail,FIM Eclat,0.6,0.07248306274414062,0.0234375
3,Retail,FIM Eclat,0.7,0.07280111312866211,0.0234375
3,Retail,FIM Eclat,0.8,0.07396721839904785,0.0234375
3,Retail,FIM Eclat,0.9,0.07443094253540039,0.0234375
3,Kosarak,My Eclat,0.1,2.9135172367095947,422.30078125
3,Kosarak,My Eclat,0.2,2.767334461212158,162.48828125
3,Kosarak,My Eclat,0.3,2.7656733989715576,162.5078125
3,Kosarak,My Eclat,0.4,2.712425947189331,153.3828125
3,Kosarak,My Eclat,0.5,2.7351255416870117,146.37890625
3,Kosarak,My Eclat,0.6,2.6908862590789795,145.3828125
3,Kosarak,My Eclat,0.7,2.6999263763427734,146.22265625
3,Kosarak,My Eclat,0.8,2.761043071746826,370.515625
3,Kosarak,My Eclat,0.9,2.6901042461395264,146.984375
3,Kosarak,My Postdiffset,0.1,2.801170587539673,165.98046875
3,Kosarak,My Postdiffset,0.2,2.7815308570861816,162.44140625
3,Kosarak,My Postdiffset,0.3,2.8080499172210693,161.4140625
3,Kosarak,My Postdiffset,0.4,2.74957537651062,154.38671875
3,Kosarak,My Postdiffset,0.5,2.7701308727264404,145.23828125
3,Kosarak,My Postdiffset,0.6,2.748295545578003,383.6640625
3,Kosarak,My Postdiffset,0.7,2.7627785205841064,145.984375
3,Kosarak,My Postdiffset,0.8,2.705195426940918,146.3984375
3,Kosarak,My Postdiffset,0.9,2.7122480869293213,145.4375
3,Kosarak,My Adv. Eclat,0.1,5.553617477416992,4650.0703125
3,Kosarak,My Adv. Eclat,0.2,5.571980714797974,4871.35546875
3,Kosarak,My Adv. Eclat,0.3,5.639647722244263,4871.16015625
3,Kosarak,My Adv. Eclat,0.4,5.6672141551971436,4871.5390625
3,Kosarak,My Adv. Eclat,0.5,5.734294414520264,4871.12109375
3,Kosarak,My Adv. Eclat,0.6,5.640779972076416,4870.8828125
3,Kosarak,My Adv. Eclat,0.7,5.604626893997192,4871.36328125
3,Kosarak,My Adv. Eclat,0.8,5.635676145553589,4870.87109375
3,Kosarak,My Adv. Eclat,0.9,5.604033470153809,4871.125
3,Kosarak,FIM Apriori,0.1,0.9566752910614014,60.4375
3,Kosarak,FIM Apriori,0.2,0.929208517074585,1.51953125
3,Kosarak,FIM Apriori,0.3,0.9224545955657959,0.59765625
3,Kosarak,FIM Apriori,0.4,0.8597691059112549,0.20703125
3,Kosarak,FIM Apriori,0.5,0.766381025314331,0.0234375
3,Kosarak,FIM Apriori,0.6,0.7720980644226074,47.79296875
3,Kosarak,FIM Apriori,0.7,0.6840369701385498,0.80078125
3,Kosarak,FIM Apriori,0.8,0.6703536510467529,0.8984375
3,Kosarak,FIM Apriori,0.9,0.6736383438110352,0.47265625
3,Kosarak,FIM Eclat,0.1,0.9517755508422852,0.0703125
3,Kosarak,FIM Eclat,0.2,0.9088659286499023,0.16796875
3,Kosarak,FIM Eclat,0.3,0.8889853954315186,0.1328125
3,Kosarak,FIM Eclat,0.4,0.8318030834197998,0.0390625
3,Kosarak,FIM Eclat,0.5,0.761145830154419,0.08984375
3,Kosarak,FIM Eclat,0.6,0.7449071407318115,0.02734375
3,Kosarak,FIM Eclat,0.7,0.7007174491882324,0.10546875
3,Kosarak,FIM Eclat,0.8,0.6604654788970947,0.0234375
3,Kosarak,FIM Eclat,0.9,0.6667470932006836,0.05859375
3,Chess,My Eclat,0.7,3.4197089672088623,42.7890625
3,Chess,My Eclat,0.8,0.6078391075134277,12.95703125
3,Chess,My Eclat,0.9,0.07070589065551758,11.0234375
3,Chess,My Postdiffset,0.7,0.83070969581604,312.11328125
3,Chess,My Postdiffset,0.8,0.08601975440979004,5.68359375
3,Chess,My Postdiffset,0.9,0.027877092361450195,0.03515625
3,Chess,My Adv. Eclat,0.7,0.09861946105957031,25.81640625
3,Chess,My Adv. Eclat,0.8,0.03342795372009277,0.03125
3,Chess,My Adv. Eclat,0.9,0.01135873794555664,0.0234375
3,Chess,FIM Apriori,0.7,0.07857942581176758,5.5859375
3,Chess,FIM Apriori,0.8,0.023884057998657227,0.03125
3,Chess,FIM Apriori,0.9,0.0041921138763427734,0.01953125
3,Chess,FIM Eclat,0.7,0.028193235397338867,3.05078125
3,Chess,FIM Eclat,0.8,0.019505023956298828,0.04296875
3,Chess,FIM Eclat,0.9,0.003996849060058594,0.0234375
3,Mushrooms,My Eclat,0.7,0.03654170036315918,4.46875
3,Mushrooms,My Eclat,0.8,0.033037424087524414,0.0234375
3,Mushrooms,My Eclat,0.9,0.03161764144897461,0.0234375
3,Mushrooms,My Postdiffset,0.7,0.03236126899719238,0.0234375
3,Mushrooms,My Postdiffset,0.8,0.0321345329284668,0.0234375
3,Mushrooms,My Postdiffset,0.9,0.03142428398132324,0.0234375
3,Mushrooms,My Adv. Eclat,0.7,0.018192052841186523,0.0234375
3,Mushrooms,My Adv. Eclat,0.8,0.01826643943786621,0.0234375
3,Mushrooms,My Adv. Eclat,0.9,0.018162250518798828,0.0234375
3,Mushrooms,FIM Apriori,0.7,0.006685495376586914,0.0234375
3,Mushrooms,FIM Apriori,0.8,0.006739616394042969,0.0234375
3,Mushrooms,FIM Apriori,0.9,0.006788492202758789,0.0234375
3,Mushrooms,FIM Eclat,0.7,0.0067691802978515625,0.0234375
3,Mushrooms,FIM Eclat,0.8,0.0066912174224853516,0.01953125
3,Mushrooms,FIM Eclat,0.9,0.006555318832397461,0.01953125
4,Retail,My Eclat,0.1,0.2962839603424072,31.9140625
4,Retail,My Eclat,0.2,0.2887904644012451,11.03515625
4,Retail,My Eclat,0.3,0.287595272064209,8.86328125
4,Retail,My Eclat,0.4,0.2893362045288086,8.90625
4,Retail,My Eclat,0.5,0.2848377227783203,9.125
4,Retail,My Eclat,0.6,0.3036479949951172,8.98828125
4,Retail,My Eclat,0.7,0.2905726432800293,8.95703125
4,Retail,My Eclat,0.8,0.285524845123291,8.77734375
4,Retail,My Eclat,0.9,0.2864527702331543,8.890625
4,Retail,My Postdiffset,0.1,0.2949669361114502,8.921875
4,Retail,My Postdiffset,0.2,0.2867405414581299,8.87109375
4,Retail,My Postdiffset,0.3,0.3012840747833252,8.94921875
4,Retail,My Postdiffset,0.4,0.285994291305542,11.03515625
4,Retail,My Postdiffset,0.5,0.28648972511291504,8.8359375
4,Retail,My Postdiffset,0.6,0.3241236209869385,9.02734375
4,Retail,My Postdiffset,0.7,0.2843806743621826,9.00390625
4,Retail,My Postdiffset,0.8,0.2875642776489258,9.03125
4,Retail,My Postdiffset,0.9,0.29215216636657715,37.4296875
4,Retail,My Adv. Eclat,0.1,0.27579450607299805,153.0078125
4,Retail,My Adv. Eclat,0.2,0.23618268966674805,0.0859375
4,Retail,My Adv. Eclat,0.3,0.23804378509521484,0.078125
4,Retail,My Adv. Eclat,0.4,0.2358100414276123,0.078125
4,Retail,My Adv. Eclat,0.5,0.23683547973632812,0.078125
4,Retail,My Adv. Eclat,0.6,0.23691725730895996,0.078125
4,Retail,My Adv. Eclat,0.7,0.24373078346252441,0.078125
4,Retail,My Adv. Eclat,0.8,0.24042558670043945,0.078125
4,Retail,My Adv. Eclat,0.9,0.23351263999938965,0.078125
4,Retail,FIM Apriori,0.1,0.08426237106323242,1.84375
4,Retail,FIM Apriori,0.2,0.07937479019165039,0.03515625
4,Retail,FIM Apriori,0.3,0.07528066635131836,0.05078125
4,Retail,FIM Apriori,0.4,0.07625126838684082,0.0234375
4,Retail,FIM Apriori,0.5,0.0743403434753418,0.02734375
4,Retail,FIM Apriori,0.6,0.07230377197265625,0.0234375
4,Retail,FIM Apriori,0.7,0.07630157470703125,0.08984375
4,Retail,FIM Apriori,0.8,0.07258248329162598,0.046875
4,Retail,FIM Apriori,0.9,0.07680153846740723,0.0234375
4,Retail,FIM Eclat,0.1,0.07662391662597656,0.0546875
4,Retail,FIM Eclat,0.2,0.07492446899414062,0.04296875
4,Retail,FIM Eclat,0.3,0.07711362838745117,0.02734375
4,Retail,FIM Eclat,0.4,0.07600665092468262,0.02734375
4,Retail,FIM Eclat,0.5,0.07567763328552246,0.0234375
4,Retail,FIM Eclat,0.6,0.07327866554260254,0.0234375
4,Retail,FIM Eclat,0.7,0.07361650466918945,0.0390625
4,Retail,FIM Eclat,0.8,0.07269120216369629,0.0234375
4,Retail,FIM Eclat,0.9,0.07413530349731445,0.03125
4,Kosarak,My Eclat,0.1,2.8713059425354004,434.5390625
4,Kosarak,My Eclat,0.2,2.8357372283935547,160.57421875
4,Kosarak,My Eclat,0.3,2.7625365257263184,159.83203125
4,Kosarak,My Eclat,0.4,2.751720666885376,151.515625
4,Kosarak,My Eclat,0.5,2.7116687297821045,143.39453125
4,Kosarak,My Eclat,0.6,2.7355706691741943,143.37890625
4,Kosarak,My Eclat,0.7,2.773743152618408,389.14453125
4,Kosarak,My Eclat,0.8,2.7040822505950928,143.79296875
4,Kosarak,My Eclat,0.9,2.7309296131134033,143.421875
4,Kosarak,My Postdiffset,0.1,2.8398232460021973,159.890625
4,Kosarak,My Postdiffset,0.2,2.7965855598449707,159.38671875
4,Kosarak,My Postdiffset,0.3,2.7906501293182373,159.38671875
4,Kosarak,My Postdiffset,0.4,2.7331461906433105,151.38671875
4,Kosarak,My Postdiffset,0.5,2.7559289932250977,379.90234375
4,Kosarak,My Postdiffset,0.6,2.701003074645996,143.73046875
4,Kosarak,My Postdiffset,0.7,2.714689254760742,143.359375
4,Kosarak,My Postdiffset,0.8,2.7015299797058105,143.3828125
4,Kosarak,My Postdiffset,0.9,2.7018401622772217,143.3828125
4,Kosarak,My Adv. Eclat,0.1,5.7125773429870605,4650.66796875
4,Kosarak,My Adv. Eclat,0.2,5.704206466674805,4871.2578125
4,Kosarak,My Adv. Eclat,0.3,5.837007999420166,4871.28515625
4,Kosarak,My Adv. Eclat,0.4,6.05108380317688,4870.8125
4,Kosarak,My Adv. Eclat,0.5,5.847615003585815,4871.625
4,Kosarak,My Adv. Eclat,0.6,5.782388210296631,4871.64453125
4,Kosarak,My Adv. Eclat,0.7,5.792068719863892,4871.515625
4,Kosarak,My Adv. Eclat,0.8,5.830903768539429,4871.34375
4,Kosarak,My Adv. Eclat,0.9,5.767886400222778,4871.61328125
4,Kosarak,FIM Apriori,0.1,0.9209365844726562,60.41015625
4,Kosarak,FIM Apriori,0.2,0.8872048854827881,1.796875
4,Kosarak,FIM Apriori,0.3,0.89046311378479,0.41015625
4,Kosarak,FIM Apriori,0.4,0.846010684967041,0.28125
4,Kosarak,FIM Apriori,0.5,0.772179126739502,0.171875
4,Kosarak,FIM Apriori,0.6,0.7846338748931885,0.05859375
4,Kosarak,FIM Apriori,0.7,0.6996572017669678,0.109375
4,Kosarak,FIM Apriori,0.8,0.6701843738555908,0.2890625
4,Kosarak,FIM Apriori,0.9,0.6616103649139404,0.26171875
4,Kosarak,FIM Eclat,0.1,0.9378697872161865,0.03125
4,Kosarak,FIM Eclat,0.2,0.8934457302093506,0.05859375
4,Kosarak,FIM Eclat,0.3,0.8920993804931641,0.1328125
4,Kosarak,FIM Eclat,0.4,0.8291516304016113,0.0234375
4,Kosarak,FIM Eclat,0.5,0.7565336227416992,0.0625
4,Kosarak,FIM Eclat,0.6,0.758469820022583,0.046875
4,Kosarak,FIM Eclat,0.7,0.6610968112945557,0.03515625
4,Kosarak,FIM Eclat,0.8,0.6644845008850098,0.0234375
4,Kosarak,FIM Eclat,0.9,0.6587271690368652,0.0234375
4,Chess,My Eclat,0.7,3.407231092453003,41.6015625
4,Chess,My Eclat,0.8,0.6061263084411621,15.29296875
4,Chess,My Eclat,0.9,0.06568646430969238,0.0234375
4,Chess,My Postdiffset,0.7,0.8386566638946533,310.11328125
4,Chess,My Postdiffset,0.8,0.08491134643554688,3.421875
4,Chess,My Postdiffset,0.9,0.02830195426940918,0.0234375
4,Chess,My Adv. Eclat,0.7,0.09844684600830078,21.03515625
4,Chess,My Adv. Eclat,0.8,0.0335693359375,0.03125
4,Chess,My Adv. Eclat,0.9,0.010972738265991211,0.0234375
4,Chess,FIM Apriori,0.7,0.07423567771911621,3.3984375
4,Chess,FIM Apriori,0.8,0.024118900299072266,0.03125
4,Chess,FIM Apriori,0.9,0.004186391830444336,0.0234375
4,Chess,FIM Eclat,0.7,0.02677130699157715,1.1015625
4,Chess,FIM Eclat,0.8,0.018910884857177734,0.04296875
4,Chess,FIM Eclat,0.9,0.0040743350982666016,0.0234375
4,Mushrooms,My Eclat,0.7,0.03761577606201172,9.46875
4,Mushrooms,My Eclat,0.8,0.035425424575805664,0.0234375
4,Mushrooms,My Eclat,0.9,0.03203129768371582,0.0234375
4,Mushrooms,My Postdiffset,0.7,0.03242063522338867,0.0234375
4,Mushrooms,My Postdiffset,0.8,0.032683610916137695,0.0234375
4,Mushrooms,My Postdiffset,0.9,0.03237581253051758,0.0234375
4,Mushrooms,My Adv. Eclat,0.7,0.01972174644470215,0.0234375
4,Mushrooms,My Adv. Eclat,0.8,0.019784212112426758,0.0234375
4,Mushrooms,My Adv. Eclat,0.9,0.018212556838989258,0.0234375
4,Mushrooms,FIM Apriori,0.7,0.006858348846435547,0.0234375
4,Mushrooms,FIM Apriori,0.8,0.006941556930541992,0.0234375
4,Mushrooms,FIM Apriori,0.9,0.008207559585571289,0.0234375
4,Mushrooms,FIM Eclat,0.7,0.007340192794799805,0.0234375
4,Mushrooms,FIM Eclat,0.8,0.00671839714050293,0.0234375
4,Mushrooms,FIM Eclat,0.9,0.007170200347900391,0.01953125
5,Retail,My Eclat,0.1,0.310854434967041,31.83203125
5,Retail,My Eclat,0.2,0.3256051540374756,9.08984375
5,Retail,My Eclat,0.3,0.29317331314086914,9.17578125
5,Retail,My Eclat,0.4,0.2965970039367676,9.328125
5,Retail,My Eclat,0.5,0.29354405403137207,8.8828125
5,Retail,My Eclat,0.6,0.2849874496459961,9.08984375
5,Retail,My Eclat,0.7,0.3129086494445801,8.90234375
5,Retail,My Eclat,0.8,0.3007218837738037,36.4296875
5,Retail,My Eclat,0.9,0.2999591827392578,41.0078125
5,Retail,My Postdiffset,0.1,0.2924168109893799,9.2734375
5,Retail,My Postdiffset,0.2,0.29065608978271484,9.0
5,Retail,My Postdiffset,0.3,0.29047489166259766,8.8828125
5,Retail,My Postdiffset,0.4,0.28945207595825195,8.890625
5,Retail,My Postdiffset,0.5,0.29617929458618164,8.9765625
5,Retail,My Postdiffset,0.6,0.29924893379211426,9.03125
5,Retail,My Postdiffset,0.7,0.29894185066223145,8.88671875
5,Retail,My Postdiffset,0.8,0.28347206115722656,8.9375
5,Retail,My Postdiffset,0.9,0.28390932083129883,9.015625
5,Retail,My Adv. Eclat,0.1,0.2769756317138672,152.96875
5,Retail,My Adv. Eclat,0.2,0.24141836166381836,0.33984375
5,Retail,My Adv. Eclat,0.3,0.24197816848754883,0.02734375
5,Retail,My Adv. Eclat,0.4,0.2422478199005127,0.02734375
5,Retail,My Adv. Eclat,0.5,0.24162650108337402,0.02734375
5,Retail,My Adv. Eclat,0.6,0.2501060962677002,0.02734375
5,Retail,My Adv. Eclat,0.7,0.24127602577209473,0.02734375
5,Retail,My Adv. Eclat,0.8,0.24617767333984375,0.02734375
5,Retail,My Adv. Eclat,0.9,0.2398221492767334,0.02734375
5,Retail,FIM Apriori,0.1,0.07795214653015137,1.75
5,Retail,FIM Apriori,0.2,0.07780718803405762,0.0546875
5,Retail,FIM Apriori,0.3,0.07556724548339844,0.03515625
5,Retail,FIM Apriori,0.4,0.07534027099609375,0.0234375
5,Retail,FIM Apriori,0.5,0.07395577430725098,0.03515625
5,Retail,FIM Apriori,0.6,0.07359004020690918,0.03125
5,Retail,FIM Apriori,0.7,0.07233142852783203,0.078125
5,Retail,FIM Apriori,0.8,0.07286429405212402,0.03515625
5,Retail,FIM Apriori,0.9,0.0725247859954834,0.0234375
5,Retail,FIM Eclat,0.1,0.07959151268005371,0.05859375
5,Retail,FIM Eclat,0.2,0.07716560363769531,0.0234375
5,Retail,FIM Eclat,0.3,0.07648539543151855,0.17578125
5,Retail,FIM Eclat,0.4,0.07648062705993652,0.0234375
5,Retail,FIM Eclat,0.5,0.07538127899169922,0.0234375
5,Retail,FIM Eclat,0.6,0.07336902618408203,0.0234375
5,Retail,FIM Eclat,0.7,0.07233786582946777,0.0234375
5,Retail,FIM Eclat,0.8,0.07371664047241211,0.0234375
5,Retail,FIM Eclat,0.9,0.07305431365966797,0.0234375
5,Kosarak,My Eclat,0.1,2.880425214767456,427.80078125
5,Kosarak,My Eclat,0.2,2.757016897201538,158.36328125
5,Kosarak,My Eclat,0.3,2.761396646499634,157.84375
5,Kosarak,My Eclat,0.4,2.715750217437744,149.8359375
5,Kosarak,My Eclat,0.5,2.696561574935913,141.48046875
5,Kosarak,My Eclat,0.6,2.7620341777801514,381.18359375
5,Kosarak,My Eclat,0.7,2.7222912311553955,141.93359375
5,Kosarak,My Eclat,0.8,2.762042999267578,141.69921875
5,Kosarak,My Eclat,0.9,2.7874703407287598,141.35546875
5,Kosarak,My Postdiffset,0.1,2.9332621097564697,161.9375
5,Kosarak,My Postdiffset,0.2,2.758470058441162,157.390625
5,Kosarak,My Postdiffset,0.3,2.775578260421753,157.39453125
5,Kosarak,My Postdiffset,0.4,2.724249839782715,149.39453125
5,Kosarak,My Postdiffset,0.5,2.751230478286743,141.3125
5,Kosarak,My Postdiffset,0.6,2.710073709487915,141.23828125
5,Kosarak,My Postdiffset,0.7,2.7024784088134766,141.3828125
5,Kosarak,My Postdiffset,0.8,2.725423812866211,141.3203125
5,Kosarak,My Postdiffset,0.9,2.7133400440216064,141.3828125
5,Kosarak,My Adv. Eclat,0.1,5.78536581993103,4650.1796875
5,Kosarak,My Adv. Eclat,0.2,5.902304410934448,4871.66796875
5,Kosarak,My Adv. Eclat,0.3,5.816721677780151,4871.63671875
5,Kosarak,My Adv. Eclat,0.4,5.768129825592041,4871.61328125
5,Kosarak,My Adv. Eclat,0.5,5.8808753490448,4871.62109375
5,Kosarak,My Adv. Eclat,0.6,5.796555280685425,4871.6171875
5,Kosarak,My Adv. Eclat,0.7,5.8404881954193115,4870.875
5,Kosarak,My Adv. Eclat,0.8,5.922550916671753,4871.015625
5,Kosarak,My Adv. Eclat,0.9,5.82766580581665,4871.6171875
5,Kosarak,FIM Apriori,0.1,0.9265961647033691,60.91015625
5,Kosarak,FIM Apriori,0.2,0.9019956588745117,1.97265625
5,Kosarak,FIM Apriori,0.3,0.8878986835479736,0.35546875
5,Kosarak,FIM Apriori,0.4,0.8349435329437256,0.4609375
5,Kosarak,FIM Apriori,0.5,0.7648632526397705,0.140625
5,Kosarak,FIM Apriori,0.6,0.7484180927276611,0.2578125
5,Kosarak,FIM Apriori,0.7,0.6624588966369629,0.078125
5,Kosarak,FIM Apriori,0.8,0.6622281074523926,0.41015625
5,Kosarak,FIM Apriori,0.9,0.6802084445953369,0.12109375
5,Kosarak,FIM Eclat,0.1,0.9279892444610596,0.33203125
5,Kosarak,FIM Eclat,0.2,0.8940203189849854,0.12890625
5,Kosarak,FIM Eclat,0.3,0.8936777114868164,0.0546875
5,Kosarak,FIM Eclat,0.4,0.8355886936187744,0.0234375
5,Kosarak,FIM Eclat,0.5,0.777388334274292,0.05078125
5,Kosarak,FIM Eclat,0.6,0.7726478576660156,0.0234375
5,Kosarak,FIM Eclat,0.7,0.6646065711975098,0.0234375
5,Kosarak,FIM Eclat,0.8,0.6716470718383789,0.0234375
5,Kosarak,FIM Eclat,0.9,0.6632611751556396,0.06640625
5,Chess,My Eclat,0.7,3.411402463912964,39.19140625
5,Chess,My Eclat,0.8,0.608098030090332,13.15234375
5,Chess,My Eclat,0.9,0.06596803665161133,0.02734375
5,Chess,My Postdiffset,0.7,0.8486695289611816,307.69921875
5,Chess,My Postdiffset,0.8,0.09044051170349121,1.73828125
5,Chess,My Postdiffset,0.9,0.02823162078857422,0.03515625
5,Chess,My Adv. Eclat,0.7,0.10123801231384277,21.4140625
5,Chess,My Adv. Eclat,0.8,0.033368587493896484,0.03125
5,Chess,My Adv. Eclat,0.9,0.011279821395874023,0.0234375
5,Chess,FIM Apriori,0.7,0.07457518577575684,2.4765625
5,Chess,FIM Apriori,0.8,0.0236663818359375,0.03515625
5,Chess,FIM Apriori,0.9,0.004151344299316406,0.0234375
5,Chess,FIM Eclat,0.7,0.028123855590820312,0.15234375
5,Chess,FIM Eclat,0.8,0.018970727920532227,0.0234375
5,Chess,FIM Eclat,0.9,0.0039784908294677734,0.0234375
5,Mushrooms,My Eclat,0.7,0.03662538528442383,3.01171875
5,Mushrooms,My Eclat,0.8,0.03251051902770996,0.0234375
5,Mushrooms,My Eclat,0.9,0.03250002861022949,0.0234375
5,Mushrooms,My Postdiffset,0.7,0.03269243240356445,0.0234375
5,Mushrooms,My Postdiffset,0.8,0.032103538513183594,0.0234375
5,Mushrooms,My Postdiffset,0.9,0.03174996376037598,0.0234375
5,Mushrooms,My Adv. Eclat,0.7,0.018514394760131836,0.0234375
5,Mushrooms,My Adv. Eclat,0.8,0.018243789672851562,0.0234375
5,Mushrooms,My Adv. Eclat,0.9,0.01827549934387207,0.0234375
5,Mushrooms,FIM Apriori,0.7,0.006898164749145508,0.0234375
5,Mushrooms,FIM Apriori,0.8,0.0066280364990234375,0.0234375
5,Mushrooms,FIM Apriori,0.9,0.00809478759765625,0.0234375
5,Mushrooms,FIM Eclat,0.7,0.00681614875793457,0.0234375
5,Mushrooms,FIM Eclat,0.8,0.006637096405029297,0.0234375
5,Mushrooms,FIM Eclat,0.9,0.006673336029052734,0.0234375
6,Retail,My Eclat,0.1,0.2982513904571533,31.29296875
6,Retail,My Eclat,0.2,0.2926950454711914,8.875
6,Retail,My Eclat,0.3,0.2850914001464844,8.859375
6,Retail,My Eclat,0.4,0.29319190979003906,8.8671875
6,Retail,My Eclat,0.5,0.2903902530670166,8.8359375
6,Retail,My Eclat,0.6,0.2864871025085449,8.9375
6,Retail,My Eclat,0.7,0.2881779670715332,9.00390625
6,Retail,My Eclat,0.8,0.28458428382873535,9.04296875
6,Retail,My Eclat,0.9,0.28642988204956055,8.8046875
6,Retail,My Postdiffset,0.1,0.3048272132873535,9.00390625
6,Retail,My Postdiffset,0.2,0.28847551345825195,8.9140625
6,Retail,My Postdiffset,0.3,0.28598928451538086,9.1875
6,Retail,My Postdiffset,0.4,0.32085251808166504,9.109375
6,Retail,My Postdiffset,0.5,0.2853541374206543,9.02734375
6,Retail,My Postdiffset,0.6,0.2900502681732178,9.03125
6,Retail,My Postdiffset,0.7,0.2858915328979492,8.859375
6,Retail,My Postdiffset,0.8,0.2854499816894531,8.8984375
6,Retail,My Postdiffset,0.9,0.28905153274536133,8.9296875
6,Retail,My Adv. Eclat,0.1,0.281174898147583,145.8984375
6,Retail,My Adv. Eclat,0.2,0.24066710472106934,0.09765625
6,Retail,My Adv. Eclat,0.3,0.23929119110107422,0.078125
6,Retail,My Adv. Eclat,0.4,0.2452254295349121,0.02734375
6,Retail,My Adv. Eclat,0.5,0.24512648582458496,0.02734375
6,Retail,My Adv. Eclat,0.6,0.24243927001953125,0.02734375
6,Retail,My Adv. Eclat,0.7,0.2475275993347168,0.02734375
6,Retail,My Adv. Eclat,0.8,0.23965668678283691,0.02734375
6,Retail,My Adv. Eclat,0.9,0.24051928520202637,0.02734375
6,Retail,FIM Apriori,0.1,0.10581612586975098,1.890625
6,Retail,FIM Apriori,0.2,0.0780785083770752,0.03515625
6,Retail,FIM Apriori,0.3,0.10002303123474121,0.03125
6,Retail,FIM Apriori,0.4,0.07651901245117188,0.03125
6,Retail,FIM Apriori,0.5,0.07595539093017578,0.03515625
6,Retail,FIM Apriori,0.6,0.07396292686462402,0.0234375
6,Retail,FIM Apriori,0.7,0.07385897636413574,0.46484375
6,Retail,FIM Apriori,0.8,0.0737452507019043,0.16796875
6,Retail,FIM Apriori,0.9,0.07464861869812012,0.0234375
6,Retail,FIM Eclat,0.1,0.0774836540222168,0.15234375
6,Retail,FIM Eclat,0.2,0.07712674140930176,0.1796875
6,Retail,FIM Eclat,0.3,0.07562828063964844,0.0234375
6,Retail,FIM Eclat,0.4,0.07571029663085938,0.0234375
6,Retail,FIM Eclat,0.5,0.07478666305541992,0.0234375
6,Retail,FIM Eclat,0.6,0.07470369338989258,0.0234375
6,Retail,FIM Eclat,0.7,0.07428574562072754,0.02734375
6,Retail,FIM Eclat,0.8,0.0731954574584961,0.03125
6,Retail,FIM Eclat,0.9,0.07331967353820801,0.03125
6,Kosarak,My Eclat,0.1,2.9863953590393066,412.78125
6,Kosarak,My Eclat,0.2,2.815652847290039,156.34765625
6,Kosarak,My Eclat,0.3,2.849503517150879,155.765625
6,Kosarak,My Eclat,0.4,2.9478824138641357,147.48828125
6,Kosarak,My Eclat,0.5,2.7816648483276367,139.3828125
6,Kosarak,My Eclat,0.6,2.7796154022216797,139.3828125
6,Kosarak,My Eclat,0.7,2.8212993144989014,139.25390625
6,Kosarak,My Eclat,0.8,2.814363956451416,139.3828125
6,Kosarak,My Eclat,0.9,2.767083168029785,139.3828125
6,Kosarak,My Postdiffset,0.1,2.9376652240753174,159.39453125
6,Kosarak,My Postdiffset,0.2,3.1345198154449463,155.390625
6,Kosarak,My Postdiffset,0.3,2.9137492179870605,155.38671875
6,Kosarak,My Postdiffset,0.4,2.8655078411102295,391.46484375
6,Kosarak,My Postdiffset,0.5,2.735301971435547,139.75
6,Kosarak,My Postdiffset,0.6,2.8050389289855957,139.28515625
6,Kosarak,My Postdiffset,0.7,2.7728586196899414,139.34765625
6,Kosarak,My Postdiffset,0.8,2.767153739929199,139.3828125
6,Kosarak,My Postdiffset,0.9,2.7849555015563965,139.3828125
6,Kosarak,My Adv. Eclat,0.1,5.81493878364563,4648.7734375
6,Kosarak,My Adv. Eclat,0.2,5.747886657714844,4871.0625
6,Kosarak,My Adv. Eclat,0.3,5.829753160476685,4871.3828125
6,Kosarak,My Adv. Eclat,0.4,5.837636232376099,4871.41796875
6,Kosarak,My Adv. Eclat,0.5,5.793118953704834,4871.12890625
6,Kosarak,My Adv. Eclat,0.6,5.8825225830078125,4870.890625
6,Kosarak,My Adv. Eclat,0.7,5.839968681335449,4871.59375
6,Kosarak,My Adv. Eclat,0.8,5.829659461975098,4871.47265625
6,Kosarak,My Adv. Eclat,0.9,5.870057582855225,4871.0703125
6,Kosarak,FIM Apriori,0.1,0.9525089263916016,60.88671875
6,Kosarak,FIM Apriori,0.2,0.8194601535797119,2.16796875
6,Kosarak,FIM Apriori,0.3,0.9013330936431885,0.4765625
6,Kosarak,FIM Apriori,0.4,0.8462944030761719,0.2109375
6,Kosarak,FIM Apriori,0.5,0.7730796337127686,0.0703125
6,Kosarak,FIM Apriori,0.6,0.7693021297454834,0.16015625
6,Kosarak,FIM Apriori,0.7,0.6712672710418701,0.0859375
6,Kosarak,FIM Apriori,0.8,0.6696791648864746,0.1796875
6,Kosarak,FIM Apriori,0.9,0.6625664234161377,0.19140625
6,Kosarak,FIM Eclat,0.1,0.9221158027648926,0.23046875
6,Kosarak,FIM Eclat,0.2,0.9065194129943848,0.14453125
6,Kosarak,FIM Eclat,0.3,0.9197893142700195,0.0625
6,Kosarak,FIM Eclat,0.4,0.8405253887176514,0.03125
6,Kosarak,FIM Eclat,0.5,0.7696433067321777,0.01953125
6,Kosarak,FIM Eclat,0.6,0.7955231666564941,0.02734375
6,Kosarak,FIM Eclat,0.7,0.661257266998291,0.04296875
6,Kosarak,FIM Eclat,0.8,0.6645035743713379,0.0234375
6,Kosarak,FIM Eclat,0.9,0.667921781539917,0.03515625
6,Chess,My Eclat,0.7,3.403007984161377,35.09375
6,Chess,My Eclat,0.8,0.5967228412628174,14.93359375
6,Chess,My Eclat,0.9,0.06592845916748047,0.0234375
6,Chess,My Postdiffset,0.7,0.8390731811523438,304.89453125
6,Chess,My Postdiffset,0.8,0.08388543128967285,7.74609375
6,Chess,My Postdiffset,0.9,0.028261184692382812,0.0234375
6,Chess,My Adv. Eclat,0.7,0.09837555885314941,18.54296875
6,Chess,My Adv. Eclat,0.8,0.033707618713378906,0.03125
6,Chess,My Adv. Eclat,0.9,0.011816263198852539,0.0234375
6,Chess,FIM Apriori,0.7,0.07608580589294434,3.109375
6,Chess,FIM Apriori,0.8,0.02379441261291504,0.0234375
6,Chess,FIM Apriori,0.9,0.004080772399902344,0.0234375
6,Chess,FIM Eclat,0.7,0.02686309814453125,0.48046875
6,Chess,FIM Eclat,0.8,0.019328594207763672,0.0234375
6,Chess,FIM Eclat,0.9,0.0040132999420166016,0.0234375
6,Mushrooms,My Eclat,0.7,0.036916494369506836,6.4609375
6,Mushrooms,My Eclat,0.8,0.032735586166381836,0.0234375
6,Mushrooms,My Eclat,0.9,0.03206491470336914,0.0234375
6,Mushrooms,My Postdiffset,0.7,0.03295183181762695,0.0234375
6,Mushrooms,My Postdiffset,0.8,0.0319366455078125,0.0234375
6,Mushrooms,My Postdiffset,0.9,0.031510353088378906,0.0234375
6,Mushrooms,My Adv. Eclat,0.7,0.018231630325317383,0.0234375
6,Mushrooms,My Adv. Eclat,0.8,0.01897406578063965,0.0234375
6,Mushrooms,My Adv. Eclat,0.9,0.01834249496459961,0.0234375
6,Mushrooms,FIM Apriori,0.7,0.006761074066162109,0.0234375
6,Mushrooms,FIM Apriori,0.8,0.006742715835571289,0.0234375
6,Mushrooms,FIM Apriori,0.9,0.006928443908691406,0.0234375
6,Mushrooms,FIM Eclat,0.7,0.007375478744506836,0.0234375
6,Mushrooms,FIM Eclat,0.8,0.007332563400268555,0.0234375
6,Mushrooms,FIM Eclat,0.9,0.006806135177612305,0.0234375
7,Retail,My Eclat,0.1,0.301624059677124,32.15234375
7,Retail,My Eclat,0.2,0.2969541549682617,8.92578125
7,Retail,My Eclat,0.3,0.29943108558654785,9.0
7,Retail,My Eclat,0.4,0.2900409698486328,8.84375
7,Retail,My Eclat,0.5,0.2872006893157959,8.98828125
7,Retail,My Eclat,0.6,0.28345775604248047,9.171875
7,Retail,My Eclat,0.7,0.2888967990875244,8.7890625
7,Retail,My Eclat,0.8,0.28699159622192383,8.921875
7,Retail,My Eclat,0.9,0.2847483158111572,8.8671875
7,Retail,My Postdiffset,0.1,0.29572534561157227,9.03125
7,Retail,My Postdiffset,0.2,0.34166598320007324,9.03125
7,Retail,My Postdiffset,0.3,0.2896554470062256,8.83203125
7,Retail,My Postdiffset,0.4,0.2885017395019531,8.80859375
7,Retail,My Postdiffset,0.5,0.2855844497680664,8.89453125
7,Retail,My Postdiffset,0.6,0.29061436653137207,8.91796875
7,Retail,My Postdiffset,0.7,0.28746986389160156,9.03125
7,Retail,My Postdiffset,0.8,0.28452634811401367,8.78125
7,Retail,My Postdiffset,0.9,0.2974729537963867,8.9296875
7,Retail,My Adv. Eclat,0.1,0.2778501510620117,145.8515625
7,Retail,My Adv. Eclat,0.2,0.2467043399810791,0.40625
7,Retail,My Adv. Eclat,0.3,0.2466282844543457,0.1015625
7,Retail,My Adv. Eclat,0.4,0.23908233642578125,0.05078125
7,Retail,My Adv. Eclat,0.5,0.24149823188781738,0.02734375
7,Retail,My Adv. Eclat,0.6,0.23763799667358398,0.03515625
7,Retail,My Adv. Eclat,0.7,0.23833703994750977,0.02734375
7,Retail,My Adv. Eclat,0.8,0.24376368522644043,0.02734375
7,Retail,My Adv. Eclat,0.9,0.23748159408569336,0.02734375
7,Retail,FIM Apriori,0.1,0.07803583145141602,1.640625
7,Retail,FIM Apriori,0.2,0.07567191123962402,0.0390625
7,Retail,FIM Apriori,0.3,0.07672405242919922,0.03515625
7,Retail,FIM Apriori,0.4,0.07949328422546387,0.02734375
7,Retail,FIM Apriori,0.5,0.07590436935424805,0.0234375
7,Retail,FIM Apriori,0.6,0.07220149040222168,0.03125
7,Retail,FIM Apriori,0.7,0.07252669334411621,0.1875
7,Retail,FIM Apriori,0.8,0.07231307029724121,0.046875
7,Retail,FIM Apriori,0.9,0.07416605949401855,0.0234375
7,Retail,FIM Eclat,0.1,0.07796835899353027,0.02734375
7,Retail,FIM Eclat,0.2,0.07570648193359375,0.27734375
7,Retail,FIM Eclat,0.3,0.07655119895935059,0.0234375
7,Retail,FIM Eclat,0.4,0.07598519325256348,0.0234375
7,Retail,FIM Eclat,0.5,0.0736691951751709,0.0234375
7,Retail,FIM Eclat,0.6,0.07408595085144043,0.15234375
7,Retail,FIM Eclat,0.7,0.07335567474365234,0.02734375
7,Retail,FIM Eclat,0.8,0.0731201171875,0.0234375
7,Retail,FIM Eclat,0.9,0.08996796607971191,0.03515625
7,Kosarak,My Eclat,0.1,2.964005947113037,417.43359375
7,Kosarak,My Eclat,0.2,2.863293170928955,154.48046875
7,Kosarak,My Eclat,0.3,2.795982599258423,153.4140625
7,Kosarak,My Eclat,0.4,2.989520311355591,145.38671875
7,Kosarak,My Eclat,0.5,2.7804369926452637,373.55859375
7,Kosarak,My Eclat,0.6,2.9952564239501953,137.84765625
7,Kosarak,My Eclat,0.7,2.878488779067993,137.87109375
7,Kosarak,My Eclat,0.8,2.8195011615753174,137.65625
7,Kosarak,My Eclat,0.9,2.8174543380737305,137.28515625
7,Kosarak,My Postdiffset,0.1,2.9032022953033447,157.89453125
7,Kosarak,My Postdiffset,0.2,2.8436920642852783,153.38671875
7,Kosarak,My Postdiffset,0.3,2.933901071548462,401.36328125
7,Kosarak,My Postdiffset,0.4,2.870004415512085,145.90234375
7,Kosarak,My Postdiffset,0.5,2.8246586322784424,137.65625
7,Kosarak,My Postdiffset,0.6,2.9057023525238037,137.71875
7,Kosarak,My Postdiffset,0.7,3.042686939239502,137.34765625
7,Kosarak,My Postdiffset,0.8,2.9074106216430664,137.1953125
7,Kosarak,My Postdiffset,0.9,2.888331651687622,137.3203125
7,Kosarak,My Adv. Eclat,0.1,6.0220184326171875,4868.35546875
7,Kosarak,My Adv. Eclat,0.2,6.333516597747803,4871.6171875
7,Kosarak,My Adv. Eclat,0.3,5.981914281845093,4871.6171875
7,Kosarak,My Adv. Eclat,0.4,5.983379364013672,4871.59375
7,Kosarak,My Adv. Eclat,0.5,6.069485664367676,4871.60546875
7,Kosarak,My Adv. Eclat,0.6,6.057088136672974,4871.359375
7,Kosarak,My Adv. Eclat,0.7,5.97075629234314,4870.953125
7,Kosarak,My Adv. Eclat,0.8,5.934462308883667,4870.69921875
7,Kosarak,My Adv. Eclat,0.9,6.01147985458374,4871.3359375
7,Kosarak,FIM Apriori,0.1,0.9764060974121094,60.80078125
7,Kosarak,FIM Apriori,0.2,0.9894156455993652,1.88671875
7,Kosarak,FIM Apriori,0.3,0.9407081604003906,0.5546875
7,Kosarak,FIM Apriori,0.4,0.860755443572998,0.33984375
7,Kosarak,FIM Apriori,0.5,0.7835042476654053,0.1484375
7,Kosarak,FIM Apriori,0.6,0.8045148849487305,0.05078125
7,Kosarak,FIM Apriori,0.7,0.6824784278869629,0.0859375
7,Kosarak,FIM Apriori,0.8,0.7325503826141357,0.23828125
7,Kosarak,FIM Apriori,0.9,0.7845971584320068,0.20703125
7,Kosarak,FIM Eclat,0.1,0.9456169605255127,0.02734375
7,Kosarak,FIM Eclat,0.2,0.8890523910522461,0.0703125
7,Kosarak,FIM Eclat,0.3,0.8764631748199463,0.1015625
7,Kosarak,FIM Eclat,0.4,0.9296519756317139,0.06640625
7,Kosarak,FIM Eclat,0.5,0.9820189476013184,0.0234375
7,Kosarak,FIM Eclat,0.6,0.8854598999023438,0.0234375
7,Kosarak,FIM Eclat,0.7,0.6994857788085938,0.0625
7,Kosarak,FIM Eclat,0.8,0.704730749130249,0.0234375
7,Kosarak,FIM Eclat,0.9,0.6722536087036133,0.18359375
7,Chess,My Eclat,0.7,3.4402968883514404,31.71875
7,Chess,My Eclat,0.8,0.6004922389984131,12.875
7,Chess,My Eclat,0.9,0.0674896240234375,9.75390625
7,Chess,My Postdiffset,0.7,0.8295018672943115,303.078125
7,Chess,My Postdiffset,0.8,0.08248281478881836,0.38671875
7,Chess,My Postdiffset,0.9,0.028101205825805664,0.0234375
7,Chess,My Adv. Eclat,0.7,0.09858250617980957,15.625
7,Chess,My Adv. Eclat,0.8,0.033774375915527344,0.03125
7,Chess,My Adv. Eclat,0.9,0.011329174041748047,0.0234375
7,Chess,FIM Apriori,0.7,0.0758829116821289,2.58984375
7,Chess,FIM Apriori,0.8,0.023479223251342773,0.0234375
7,Chess,FIM Apriori,0.9,0.005254507064819336,0.01953125
7,Chess,FIM Eclat,0.7,0.029993772506713867,0.15234375
7,Chess,FIM Eclat,0.8,0.018774986267089844,0.03515625
7,Chess,FIM Eclat,0.9,0.004066944122314453,0.01953125
7,Mushrooms,My Eclat,0.7,0.036229610443115234,9.484375
7,Mushrooms,My Eclat,0.8,0.03250837326049805,0.0234375
7,Mushrooms,My Eclat,0.9,0.03226423263549805,0.0234375
7,Mushrooms,My Postdiffset,0.7,0.03289914131164551,0.0234375
7,Mushrooms,My Postdiffset,0.8,0.03185725212097168,0.0234375
7,Mushrooms,My Postdiffset,0.9,0.03149223327636719,0.0234375
7,Mushrooms,My Adv. Eclat,0.7,0.01822066307067871,0.0234375
7,Mushrooms,My Adv. Eclat,0.8,0.01829695701599121,0.0234375
7,Mushrooms,My Adv. Eclat,0.9,0.01838994026184082,0.0234375
7,Mushrooms,FIM Apriori,0.7,0.007178544998168945,0.0234375
7,Mushrooms,FIM Apriori,0.8,0.006773710250854492,0.0234375
7,Mushrooms,FIM Apriori,0.9,0.006745100021362305,0.01953125
7,Mushrooms,FIM Eclat,0.7,0.006895303726196289,0.01953125
7,Mushrooms,FIM Eclat,0.8,0.0067632198333740234,0.0234375
7,Mushrooms,FIM Eclat,0.9,0.006625175476074219,0.0234375
8,Retail,My Eclat,0.1,0.29424309730529785,30.95703125
8,Retail,My Eclat,0.2,0.2871105670928955,11.03125
8,Retail,My Eclat,0.3,0.28272128105163574,8.90625
8,Retail,My Eclat,0.4,0.2889091968536377,8.92578125
8,Retail,My Eclat,0.5,0.27973461151123047,8.84765625
8,Retail,My Eclat,0.6,0.281710147857666,9.08203125
8,Retail,My Eclat,0.7,0.28296947479248047,8.83984375
8,Retail,My Eclat,0.8,0.2825045585632324,9.1640625
8,Retail,My Eclat,0.9,0.2818477153778076,8.91015625
8,Retail,My Postdiffset,0.1,0.28759074211120605,9.03515625
8,Retail,My Postdiffset,0.2,0.2866859436035156,11.03515625
8,Retail,My Postdiffset,0.3,0.28310704231262207,8.890625
8,Retail,My Postdiffset,0.4,0.2942779064178467,8.8359375
8,Retail,My Postdiffset,0.5,0.2827029228210449,8.9765625
8,Retail,My Postdiffset,0.6,0.2893543243408203,9.08984375
8,Retail,My Postdiffset,0.7,0.31116819381713867,8.85546875
8,Retail,My Postdiffset,0.8,0.28500819206237793,8.91796875
8,Retail,My Postdiffset,0.9,0.2821056842803955,8.7890625
8,Retail,My Adv. Eclat,0.1,0.27088308334350586,146.0859375
8,Retail,My Adv. Eclat,0.2,0.2367851734161377,1.2578125
8,Retail,My Adv. Eclat,0.3,0.2346327304840088,0.07421875
8,Retail,My Adv. Eclat,0.4,0.2414088249206543,0.1015625
8,Retail,My Adv. Eclat,0.5,0.24010252952575684,0.0234375
8,Retail,My Adv. Eclat,0.6,0.2350759506225586,0.02734375
8,Retail,My Adv. Eclat,0.7,0.23358392715454102,0.02734375
8,Retail,My Adv. Eclat,0.8,0.23756170272827148,0.03125
8,Retail,My Adv. Eclat,0.9,0.23710870742797852,0.0234375
8,Retail,FIM Apriori,0.1,0.07666850090026855,1.6328125
8,Retail,FIM Apriori,0.2,0.07574963569641113,0.02734375
8,Retail,FIM Apriori,0.3,0.08497285842895508,0.0234375
8,Retail,FIM Apriori,0.4,0.07589316368103027,0.02734375
8,Retail,FIM Apriori,0.5,0.07450103759765625,0.0234375
8,Retail,FIM Apriori,0.6,0.07340002059936523,0.0234375
8,Retail,FIM Apriori,0.7,0.07321739196777344,0.12109375
8,Retail,FIM Apriori,0.8,0.07191658020019531,0.03515625
8,Retail,FIM Apriori,0.9,0.07297348976135254,0.0234375
8,Retail,FIM Eclat,0.1,0.07617497444152832,0.03515625
8,Retail,FIM Eclat,0.2,0.07705402374267578,0.0234375
8,Retail,FIM Eclat,0.3,0.07642793655395508,0.15625
8,Retail,FIM Eclat,0.4,0.0755014419555664,0.0234375
8,Retail,FIM Eclat,0.5,0.07420635223388672,0.0234375
8,Retail,FIM Eclat,0.6,0.07332634925842285,0.0234375
8,Retail,FIM Eclat,0.7,0.07367467880249023,0.0234375
8,Retail,FIM Eclat,0.8,0.07260990142822266,0.0234375
8,Retail,FIM Eclat,0.9,0.07311081886291504,0.0234375
8,Kosarak,My Eclat,0.1,2.9078612327575684,416.41015625
8,Kosarak,My Eclat,0.2,2.755161762237549,151.1171875
8,Kosarak,My Eclat,0.3,2.7519118785858154,150.54296875
8,Kosarak,My Eclat,0.4,2.765821933746338,366.59765625
8,Kosarak,My Eclat,0.5,2.6900336742401123,134.5234375
8,Kosarak,My Eclat,0.6,2.6827149391174316,134.4140625
8,Kosarak,My Eclat,0.7,2.747499942779541,134.38671875
8,Kosarak,My Eclat,0.8,2.6837735176086426,134.32421875
8,Kosarak,My Eclat,0.9,2.6891989707946777,134.38671875
8,Kosarak,My Postdiffset,0.1,2.816934823989868,150.390625
8,Kosarak,My Postdiffset,0.2,2.917820692062378,390.37890625
8,Kosarak,My Postdiffset,0.3,2.8267054557800293,150.65234375
8,Kosarak,My Postdiffset,0.4,2.72873592376709,142.41796875
8,Kosarak,My Postdiffset,0.5,2.6809539794921875,134.21875
8,Kosarak,My Postdiffset,0.6,2.6813137531280518,134.2265625
8,Kosarak,My Postdiffset,0.7,2.7780888080596924,134.23046875
8,Kosarak,My Postdiffset,0.8,2.68852162361145,134.23828125
8,Kosarak,My Postdiffset,0.9,2.766279458999634,371.68359375
8,Kosarak,My Adv. Eclat,0.1,5.920341968536377,4648.26953125
8,Kosarak,My Adv. Eclat,0.2,5.853403806686401,4871.61328125
8,Kosarak,My Adv. Eclat,0.3,5.9331254959106445,4871.171875
8,Kosarak,My Adv. Eclat,0.4,5.984551906585693,4871.546875
8,Kosarak,My Adv. Eclat,0.5,5.905630350112915,4871.0390625
8,Kosarak,My Adv. Eclat,0.6,5.896065950393677,4870.80078125
8,Kosarak,My Adv. Eclat,0.7,5.884673595428467,4871.0
8,Kosarak,My Adv. Eclat,0.8,5.887129545211792,4871.24609375
8,Kosarak,My Adv. Eclat,0.9,6.071720838546753,4870.87890625
8,Kosarak,FIM Apriori,0.1,1.0657188892364502,61.01953125
8,Kosarak,FIM Apriori,0.2,0.9073314666748047,1.92578125
8,Kosarak,FIM Apriori,0.3,0.8846633434295654,0.6171875
8,Kosarak,FIM Apriori,0.4,0.8263294696807861,0.19140625
8,Kosarak,FIM Apriori,0.5,0.7628946304321289,0.109375
8,Kosarak,FIM Apriori,0.6,0.7895228862762451,0.0234375
8,Kosarak,FIM Apriori,0.7,0.722999095916748,0.09375
8,Kosarak,FIM Apriori,0.8,0.6609737873077393,0.3203125
8,Kosarak,FIM Apriori,0.9,0.6639430522918701,0.35546875
8,Kosarak,FIM Eclat,0.1,0.9508790969848633,0.35546875
8,Kosarak,FIM Eclat,0.2,0.8996357917785645,0.23046875
8,Kosarak,FIM Eclat,0.3,0.8976376056671143,0.05078125
8,Kosarak,FIM Eclat,0.4,0.8456246852874756,0.09375
8,Kosarak,FIM Eclat,0.5,0.7720544338226318,0.10546875
8,Kosarak,FIM Eclat,0.6,0.7919797897338867,0.03515625
8,Kosarak,FIM Eclat,0.7,0.6634595394134521,0.03125
8,Kosarak,FIM Eclat,0.8,0.6589276790618896,0.0234375
8,Kosarak,FIM Eclat,0.9,0.6624147891998291,0.02734375
8,Chess,My Eclat,0.7,3.409985303878784,31.4296875
8,Chess,My Eclat,0.8,0.6116194725036621,12.46875
8,Chess,My Eclat,0.9,0.06859517097473145,9.8125
8,Chess,My Postdiffset,0.7,0.8515195846557617,301.92578125
8,Chess,My Postdiffset,0.8,0.08811306953430176,0.37109375
8,Chess,My Postdiffset,0.9,0.028623580932617188,0.0234375
8,Chess,My Adv. Eclat,0.7,0.09720492362976074,19.6640625
8,Chess,My Adv. Eclat,0.8,0.03355073928833008,0.03125
8,Chess,My Adv. Eclat,0.9,0.011062860488891602,0.01953125
8,Chess,FIM Apriori,0.7,0.07547140121459961,2.640625
8,Chess,FIM Apriori,0.8,0.02422046661376953,0.0234375
8,Chess,FIM Apriori,0.9,0.004104137420654297,0.0234375
8,Chess,FIM Eclat,0.7,0.02807140350341797,0.203125
8,Chess,FIM Eclat,0.8,0.01793670654296875,0.0234375
8,Chess,FIM Eclat,0.9,0.004017353057861328,0.0234375
8,Mushrooms,My Eclat,0.7,0.036382198333740234,2.98046875
8,Mushrooms,My Eclat,0.8,0.03300046920776367,0.0234375
8,Mushrooms,My Eclat,0.9,0.03213930130004883,0.0234375
8,Mushrooms,My Postdiffset,0.7,0.032439231872558594,0.0234375
8,Mushrooms,My Postdiffset,0.8,0.03288674354553223,0.0234375
8,Mushrooms,My Postdiffset,0.9,0.03232860565185547,0.0234375
8,Mushrooms,My Adv. Eclat,0.7,0.018430709838867188,0.0234375
8,Mushrooms,My Adv. Eclat,0.8,0.018553972244262695,0.0234375
8,Mushrooms,My Adv. Eclat,0.9,0.017960786819458008,0.0234375
8,Mushrooms,FIM Apriori,0.7,0.006860017776489258,0.0234375
8,Mushrooms,FIM Apriori,0.8,0.006665706634521484,0.0234375
8,Mushrooms,FIM Apriori,0.9,0.00993037223815918,0.0234375
8,Mushrooms,FIM Eclat,0.7,0.0069315433502197266,0.0234375
8,Mushrooms,FIM Eclat,0.8,0.006683349609375,0.0234375
8,Mushrooms,FIM Eclat,0.9,0.006644487380981445,0.0234375
9,Retail,My Eclat,0.1,0.3028526306152344,32.078125
9,Retail,My Eclat,0.2,0.283860445022583,8.921875
9,Retail,My Eclat,0.3,0.28473734855651855,9.2734375
9,Retail,My Eclat,0.4,0.2838325500488281,8.86328125
9,Retail,My Eclat,0.5,0.2827460765838623,9.0
9,Retail,My Eclat,0.6,0.2932865619659424,9.1171875
9,Retail,My Eclat,0.7,0.2802755832672119,8.90234375
9,Retail,My Eclat,0.8,0.281846284866333,8.828125
9,Retail,My Eclat,0.9,0.2878994941711426,8.90234375
9,Retail,My Postdiffset,0.1,0.28844475746154785,9.03515625
9,Retail,My Postdiffset,0.2,0.29014158248901367,9.01953125
9,Retail,My Postdiffset,0.3,0.2909433841705322,9.02734375
9,Retail,My Postdiffset,0.4,0.28514885902404785,8.87109375
9,Retail,My Postdiffset,0.5,0.2894606590270996,8.9296875
9,Retail,My Postdiffset,0.6,0.28159499168395996,9.0
9,Retail,My Postdiffset,0.7,0.2827482223510742,9.03125
9,Retail,My Postdiffset,0.8,0.28130459785461426,9.00390625
9,Retail,My Postdiffset,0.9,0.2853050231933594,8.77734375
9,Retail,My Adv. Eclat,0.1,0.2765328884124756,144.890625
9,Retail,My Adv. Eclat,0.2,0.23656868934631348,0.33984375
9,Retail,My Adv. Eclat,0.3,0.23990154266357422,0.69140625
9,Retail,My Adv. Eclat,0.4,0.24313926696777344,0.02734375
9,Retail,My Adv. Eclat,0.5,0.2364044189453125,0.02734375
9,Retail,My Adv. Eclat,0.6,0.2374734878540039,0.02734375
9,Retail,My Adv. Eclat,0.7,0.24490618705749512,0.02734375
9,Retail,My Adv. Eclat,0.8,0.24160051345825195,0.02734375
9,Retail,My Adv. Eclat,0.9,0.247511625289917,0.02734375
9,Retail,FIM Apriori,0.1,0.0795903205871582,1.6953125
9,Retail,FIM Apriori,0.2,0.0768885612487793,0.03515625
9,Retail,FIM Apriori,0.3,0.07587552070617676,0.0234375
9,Retail,FIM Apriori,0.4,0.07584857940673828,0.0234375
9,Retail,FIM Apriori,0.5,0.07423710823059082,0.0234375
9,Retail,FIM Apriori,0.6,0.07236361503601074,0.0234375
9,Retail,FIM Apriori,0.7,0.0724480152130127,0.0546875
9,Retail,FIM Apriori,0.8,0.08111214637756348,0.0703125
9,Retail,FIM Apriori,0.9,0.07327699661254883,0.02734375
9,Retail,FIM Eclat,0.1,0.0783689022064209,0.03515625
9,Retail,FIM Eclat,0.2,0.07787966728210449,0.16015625
9,Retail,FIM Eclat,0.3,0.07661557197570801,0.0234375
9,Retail,FIM Eclat,0.4,0.07578635215759277,0.0234375
9,Retail,FIM Eclat,0.5,0.07465767860412598,0.0234375
9,Retail,FIM Eclat,0.6,0.0727224349975586,0.0234375
9,Retail,FIM Eclat,0.7,0.07347917556762695,0.0234375
9,Retail,FIM Eclat,0.8,0.07267951965332031,0.0234375
9,Retail,FIM Eclat,0.9,0.07392191886901855,0.0234375
9,Kosarak,My Eclat,0.1,2.8503589630126953,412.171875
9,Kosarak,My Eclat,0.2,2.7490715980529785,150.6484375
9,Kosarak,My Eclat,0.3,2.8041884899139404,387.0859375
9,Kosarak,My Eclat,0.4,2.7076823711395264,142.17578125
9,Kosarak,My Eclat,0.5,2.693497657775879,133.515625
9,Kosarak,My Eclat,0.6,2.7047250270843506,133.28515625
9,Kosarak,My Eclat,0.7,2.756784677505493,133.21875
9,Kosarak,My Eclat,0.8,2.7226855754852295,133.3203125
9,Kosarak,My Eclat,0.9,2.710237979888916,133.41015625
9,Kosarak,My Postdiffset,0.1,2.8995277881622314,153.421875
9,Kosarak,My Postdiffset,0.2,2.754617691040039,149.4140625
9,Kosarak,My Postdiffset,0.3,2.770728826522827,149.4140625
9,Kosarak,My Postdiffset,0.4,2.7102389335632324,141.38671875
9,Kosarak,My Postdiffset,0.5,2.6945278644561768,133.1796875
9,Kosarak,My Postdiffset,0.6,2.704623222351074,133.3828125
9,Kosarak,My Postdiffset,0.7,2.6905078887939453,133.3828125
9,Kosarak,My Postdiffset,0.8,2.6944565773010254,133.3203125
9,Kosarak,My Postdiffset,0.9,2.7396185398101807,363.9296875
9,Kosarak,My Adv. Eclat,0.1,5.839820146560669,4648.73828125
9,Kosarak,My Adv. Eclat,0.2,6.003738641738892,4871.3203125
9,Kosarak,My Adv. Eclat,0.3,5.894253730773926,4870.9453125
9,Kosarak,My Adv. Eclat,0.4,5.901658773422241,4871.28515625
9,Kosarak,My Adv. Eclat,0.5,5.833556890487671,4870.93359375
9,Kosarak,My Adv. Eclat,0.6,5.897285223007202,4870.53125
9,Kosarak,My Adv. Eclat,0.7,5.87139368057251,4871.41015625
9,Kosarak,My Adv. Eclat,0.8,5.975401401519775,4871.27734375
9,Kosarak,My Adv. Eclat,0.9,6.0152716636657715,4871.03515625
9,Kosarak,FIM Apriori,0.1,0.9399852752685547,60.9765625
9,Kosarak,FIM Apriori,0.2,0.8948702812194824,2.296875
9,Kosarak,FIM Apriori,0.3,0.8883395195007324,0.671875
9,Kosarak,FIM Apriori,0.4,0.8349206447601318,0.328125
9,Kosarak,FIM Apriori,0.5,0.7699005603790283,0.16796875
9,Kosarak,FIM Apriori,0.6,0.7688548564910889,0.1875
9,Kosarak,FIM Apriori,0.7,0.6617264747619629,0.06640625
9,Kosarak,FIM Apriori,0.8,0.6586589813232422,0.28125
9,Kosarak,FIM Apriori,0.9,0.6618409156799316,0.11328125
9,Kosarak,FIM Eclat,0.1,0.9250280857086182,0.40625
9,Kosarak,FIM Eclat,0.2,0.8970165252685547,0.078125
9,Kosarak,FIM Eclat,0.3,0.9076230525970459,0.10546875
9,Kosarak,FIM Eclat,0.4,0.8500690460205078,0.03125
9,Kosarak,FIM Eclat,0.5,0.7582526206970215,0.19140625
9,Kosarak,FIM Eclat,0.6,0.7570252418518066,0.0234375
9,Kosarak,FIM Eclat,0.7,0.6545422077178955,0.0546875
9,Kosarak,FIM Eclat,0.8,0.6810817718505859,0.08984375
9,Kosarak,FIM Eclat,0.9,0.6565783023834229,0.0234375
9,Chess,My Eclat,0.7,3.388420581817627,29.51171875
9,Chess,My Eclat,0.8,0.6006672382354736,12.53125
9,Chess,My Eclat,0.9,0.06933808326721191,10.68359375
9,Chess,My Postdiffset,0.7,0.8261749744415283,298.2578125
9,Chess,My Postdiffset,0.8,0.08214807510375977,0.44921875
9,Chess,My Postdiffset,0.9,0.0282747745513916,0.0234375
9,Chess,My Adv. Eclat,0.7,0.09652328491210938,9.55859375
9,Chess,My Adv. Eclat,0.8,0.03308224678039551,0.03125
9,Chess,My Adv. Eclat,0.9,0.011095285415649414,0.0234375
9,Chess,FIM Apriori,0.7,0.07553696632385254,3.06640625
9,Chess,FIM Apriori,0.8,0.024456024169921875,0.0234375
9,Chess,FIM Apriori,0.9,0.0041844844818115234,0.0234375
9,Chess,FIM Eclat,0.7,0.027096033096313477,0.30859375
9,Chess,FIM Eclat,0.8,0.01902318000793457,0.03515625
9,Chess,FIM Eclat,0.9,0.004022121429443359,0.0234375
9,Mushrooms,My Eclat,0.7,0.03692269325256348,9.515625
9,Mushrooms,My Eclat,0.8,0.032774925231933594,0.0234375
9,Mushrooms,My Eclat,0.9,0.03300309181213379,0.0234375
9,Mushrooms,My Postdiffset,0.7,0.03267192840576172,0.0234375
9,Mushrooms,My Postdiffset,0.8,0.03257608413696289,0.0234375
9,Mushrooms,My Postdiffset,0.9,0.032033443450927734,0.0234375
9,Mushrooms,My Adv. Eclat,0.7,0.01910233497619629,0.0234375
9,Mushrooms,My Adv. Eclat,0.8,0.01846146583557129,0.0234375
9,Mushrooms,My Adv. Eclat,0.9,0.01831221580505371,0.0234375
9,Mushrooms,FIM Apriori,0.7,0.007094860076904297,0.0234375
9,Mushrooms,FIM Apriori,0.8,0.006926059722900391,0.0234375
9,Mushrooms,FIM Apriori,0.9,0.00699925422668457,0.01953125
9,Mushrooms,FIM Eclat,0.7,0.006964921951293945,0.0234375
9,Mushrooms,FIM Eclat,0.8,0.006965160369873047,0.0234375
9,Mushrooms,FIM Eclat,0.9,0.0069065093994140625,0.01953125
10,Retail,My Eclat,0.1,0.2970571517944336,32.3203125
10,Retail,My Eclat,0.2,0.29365968704223633,8.9140625
10,Retail,My Eclat,0.3,0.285442590713501,9.3125
10,Retail,My Eclat,0.4,0.2854785919189453,9.0078125
10,Retail,My Eclat,0.5,0.2854621410369873,9.01953125
10,Retail,My Eclat,0.6,0.2846834659576416,9.125
10,Retail,My Eclat,0.7,0.28758668899536133,8.8046875
10,Retail,My Eclat,0.8,0.2827315330505371,9.140625
10,Retail,My Eclat,0.9,0.28786277770996094,8.85546875
10,Retail,My Postdiffset,0.1,0.294844388961792,8.95703125
10,Retail,My Postdiffset,0.2,0.28676772117614746,11.03515625
10,Retail,My Postdiffset,0.3,0.31087565422058105,8.98046875
10,Retail,My Postdiffset,0.4,0.283872127532959,8.87890625
10,Retail,My Postdiffset,0.5,0.2830653190612793,8.80078125
10,Retail,My Postdiffset,0.6,0.28368186950683594,9.02734375
10,Retail,My Postdiffset,0.7,0.28472185134887695,8.87890625
10,Retail,My Postdiffset,0.8,0.29967784881591797,9.03125
10,Retail,My Postdiffset,0.9,0.28235864639282227,8.83984375
10,Retail,My Adv. Eclat,0.1,0.2652018070220947,144.76953125
10,Retail,My Adv. Eclat,0.2,0.23423480987548828,0.66796875
10,Retail,My Adv. Eclat,0.3,0.23531389236450195,0.02734375
10,Retail,My Adv. Eclat,0.4,0.23095130920410156,0.0546875
10,Retail,My Adv. Eclat,0.5,0.2362680435180664,0.0234375
10,Retail,My Adv. Eclat,0.6,0.2346959114074707,0.02734375
10,Retail,My Adv. Eclat,0.7,0.23262500762939453,0.02734375
10,Retail,My Adv. Eclat,0.8,0.23527741432189941,0.0546875
10,Retail,My Adv. Eclat,0.9,0.23384523391723633,0.0234375
10,Retail,FIM Apriori,0.1,0.0790708065032959,1.578125
10,Retail,FIM Apriori,0.2,0.08208155632019043,0.0390625
10,Retail,FIM Apriori,0.3,0.07680463790893555,0.1328125
10,Retail,FIM Apriori,0.4,0.07750797271728516,0.03125
10,Retail,FIM Apriori,0.5,0.07439398765563965,0.02734375
10,Retail,FIM Apriori,0.6,0.07228994369506836,0.0234375
10,Retail,FIM Apriori,0.7,0.07280993461608887,0.2109375
10,Retail,FIM Apriori,0.8,0.07303333282470703,0.03125
10,Retail,FIM Apriori,0.9,0.07256793975830078,0.0234375
10,Retail,FIM Eclat,0.1,0.07923650741577148,0.03125
10,Retail,FIM Eclat,0.2,0.07652950286865234,0.16015625
10,Retail,FIM Eclat,0.3,0.07775330543518066,0.0234375
10,Retail,FIM Eclat,0.4,0.07666611671447754,0.0234375
10,Retail,FIM Eclat,0.5,0.07452130317687988,0.0234375
10,Retail,FIM Eclat,0.6,0.07488775253295898,0.0234375
10,Retail,FIM Eclat,0.7,0.07332444190979004,0.02734375
10,Retail,FIM Eclat,0.8,0.07320928573608398,0.0234375
10,Retail,FIM Eclat,0.9,0.07240986824035645,0.02734375
10,Kosarak,My Eclat,0.1,2.892697811126709,409.83984375
10,Kosarak,My Eclat,0.2,2.7460269927978516,147.9453125
10,Kosarak,My Eclat,0.3,2.8093724250793457,382.66796875
10,Kosarak,My Eclat,0.4,2.701826810836792,138.92578125
10,Kosarak,My Eclat,0.5,2.709449529647827,130.71484375
10,Kosarak,My Eclat,0.6,2.7189011573791504,130.69140625
10,Kosarak,My Eclat,0.7,2.8458492755889893,130.3828125
10,Kosarak,My Eclat,0.8,3.178433418273926,130.37890625
10,Kosarak,My Eclat,0.9,2.8255441188812256,130.41015625
10,Kosarak,My Postdiffset,0.1,2.9709393978118896,397.60546875
10,Kosarak,My Postdiffset,0.2,2.825239419937134,146.9609375
10,Kosarak,My Postdiffset,0.3,3.1979238986968994,146.8203125
10,Kosarak,My Postdiffset,0.4,2.8376078605651855,138.4765625
10,Kosarak,My Postdiffset,0.5,2.7251739501953125,130.3125
10,Kosarak,My Postdiffset,0.6,2.7320854663848877,130.31640625
10,Kosarak,My Postdiffset,0.7,2.762151002883911,130.3828125
10,Kosarak,My Postdiffset,0.8,2.795344591140747,367.3671875
10,Kosarak,My Postdiffset,0.9,2.7926623821258545,130.59375
10,Kosarak,My Adv. Eclat,0.1,5.842482805252075,4647.32421875
10,Kosarak,My Adv. Eclat,0.2,5.8256707191467285,4871.09765625
10,Kosarak,My Adv. Eclat,0.3,5.766024351119995,4871.44140625
10,Kosarak,My Adv. Eclat,0.4,5.8717734813690186,4871.44921875
10,Kosarak,My Adv. Eclat,0.5,5.819293737411499,4871.3046875
10,Kosarak,My Adv. Eclat,0.6,5.8293561935424805,4871.19921875
10,Kosarak,My Adv. Eclat,0.7,5.913703203201294,4871.18359375
10,Kosarak,My Adv. Eclat,0.8,5.947094440460205,4871.34375
10,Kosarak,My Adv. Eclat,0.9,5.865983247756958,4870.71484375
10,Kosarak,FIM Apriori,0.1,0.9416940212249756,61.0078125
10,Kosarak,FIM Apriori,0.2,0.9157824516296387,1.93359375
10,Kosarak,FIM Apriori,0.3,0.9276285171508789,0.53515625
10,Kosarak,FIM Apriori,0.4,0.8613708019256592,0.484375
10,Kosarak,FIM Apriori,0.5,0.7872138023376465,0.20703125
10,Kosarak,FIM Apriori,0.6,0.7688782215118408,0.09765625
10,Kosarak,FIM Apriori,0.7,0.6645770072937012,0.1328125
10,Kosarak,FIM Apriori,0.8,0.6661124229431152,0.12890625
10,Kosarak,FIM Apriori,0.9,0.6710498332977295,0.12109375
10,Kosarak,FIM Eclat,0.1,0.9258568286895752,0.2265625
10,Kosarak,FIM Eclat,0.2,0.9275314807891846,0.36328125
10,Kosarak,FIM Eclat,0.3,0.8846652507781982,0.09375
10,Kosarak,FIM Eclat,0.4,0.8600802421569824,0.0390625
10,Kosarak,FIM Eclat,0.5,0.7507915496826172,0.1171875
10,Kosarak,FIM Eclat,0.6,0.7724404335021973,0.0234375
10,Kosarak,FIM Eclat,0.7,0.6683239936828613,0.0234375
10,Kosarak,FIM Eclat,0.8,0.6704282760620117,0.0234375
10,Kosarak,FIM Eclat,0.9,0.6728527545928955,0.0234375
10,Chess,My Eclat,0.7,3.3969008922576904,28.7578125
10,Chess,My Eclat,0.8,0.5990569591522217,14.12109375
10,Chess,My Eclat,0.9,0.07028961181640625,10.10546875
10,Chess,My Postdiffset,0.7,0.8393154144287109,295.66796875
10,Chess,My Postdiffset,0.8,0.08702635765075684,0.4140625
10,Chess,My Postdiffset,0.9,0.028380155563354492,0.0234375
10,Chess,My Adv. Eclat,0.7,0.09755706787109375,12.84765625
10,Chess,My Adv. Eclat,0.8,0.034132957458496094,0.03515625
10,Chess,My Adv. Eclat,0.9,0.012253046035766602,0.0234375
10,Chess,FIM Apriori,0.7,0.07799029350280762,3.078125
10,Chess,FIM Apriori,0.8,0.0244138240814209,0.0234375
10,Chess,FIM Apriori,0.9,0.004435539245605469,0.0234375
10,Chess,FIM Eclat,0.7,0.027051925659179688,0.1484375
10,Chess,FIM Eclat,0.8,0.01926565170288086,0.03515625
10,Chess,FIM Eclat,0.9,0.0042645931243896484,0.0234375
10,Mushrooms,My Eclat,0.7,0.037612199783325195,2.98046875
10,Mushrooms,My Eclat,0.8,0.0328822135925293,0.0234375
10,Mushrooms,My Eclat,0.9,0.03241586685180664,0.0234375
10,Mushrooms,My Postdiffset,0.7,0.03282785415649414,0.0234375
10,Mushrooms,My Postdiffset,0.8,0.03302359580993652,0.0234375
10,Mushrooms,My Postdiffset,0.9,0.03213930130004883,0.0234375
10,Mushrooms,My Adv. Eclat,0.7,0.018492460250854492,0.01953125
10,Mushrooms,My Adv. Eclat,0.8,0.01924443244934082,0.0234375
10,Mushrooms,My Adv. Eclat,0.9,0.018657445907592773,0.0234375
10,Mushrooms,FIM Apriori,0.7,0.006939411163330078,0.0234375
10,Mushrooms,FIM Apriori,0.8,0.006821870803833008,0.0234375
10,Mushrooms,FIM Apriori,0.9,0.006997108459472656,0.0234375
10,Mushrooms,FIM Eclat,0.7,0.0071239471435546875,0.0234375
10,Mushrooms,FIM Eclat,0.8,0.006976604461669922,0.0234375
10,Mushrooms,FIM Eclat,0.9,0.0067675113677978516,0.0234375
